{
  "nodes": {
    "lookup": {
      "variant_0": {
        "inputs": {
          "acs_content_field": [
            {
              "display_value": "product",
              "value": "product"
            }
          ],
          "acs_embedding_field": [
            {
              "display_value": "vector_embedding",
              "value": "vector_embedding"
            }
          ],
          "acs_index_name": [
            {
              "display_value": "cosmosdb-index",
              "value": "cosmosdb-index"
            }
          ],
          "acs_metadata_field": [
            {
              "display_value": "description",
              "value": "description"
            }
          ],
          "embedding_model": [],
          "mlindex_asset_id": [],
          "pinecone_index_connection": [],
          "pinecone_index_name": [],
          "semantic_configuration": [],
          "query_type": [
            {
              "display_value": "Hybrid (vector + keyword)",
              "value": "Hybrid (vector + keyword)"
            }
          ]
        },
        "inputsValue": {
          "index_type": "Azure AI Search",
          "acs_index_connection": "srcho3cax7j",
          "acs_content_field": "product",
          "acs_embedding_field": "vector_embedding",
          "acs_index_name": "cosmosdb-index",
          "acs_metadata_field": "description",
          "embedding_type": "Azure OpenAI",
          "aoai_embedding_connection": "Default_AzureOpenAI",
          "embedding_deployment": "text-embedding-ada-002"
        }
      }
    },
    "format_history": {
      "variant_0": {
        "inputs": {},
        "inputsValue": {}
      }
    },
    "prompt_for_looks": {
      "variant_0": {
        "inputs": {},
        "inputsValue": {}
      }
    },
    "modify_query": {
      "variant_0": {
        "inputs": {},
        "inputsValue": {}
      }
    },
    "format_markdown": {
      "variant_0": {
        "inputs": {},
        "inputsValue": {}
      }
    },
    "set_env": {
      "variant_0": {
        "inputs": {},
        "inputsValue": {}
      }
    }
  }
}