{
  "orientation": "Vertical",
  "nodeLayouts": {
    "inputs": {
      "x": 67.5,
      "y": 62,
      "index": -1
    },
    "outputs": {
      "x": 67,
      "y": 832,
      "index": -1
    },
    "lookup": {
      "x": 12,
      "y": 502,
      "index": 0
    },
    "format_history": {
      "x": 12,
      "y": 282,
      "index": 1
    },
    "prompt_for_looks": {
      "x": 67,
      "y": 612,
      "index": 2
    },
    "modify_query": {
      "x": 12,
      "y": 392,
      "index": 3
    },
    "format_markdown": {
      "x": 67,
      "y": 722,
      "index": 4
    },
    "set_env": {
      "x": 67.5,
      "y": 172,
      "index": 5
    }
  },
  "viewport": {
    "transformMatrix": [
      0.8500462727983382,
      0,
      0,
      0.8500462727983382,
      158.36993471469412,
      -377.9794757725415
    ]
  }
}