{
  "orientation": "Vertical",
  "nodeLayouts": {
    "inputs": {
      "x": 649.2543337686743,
      "y": 10.675052822337241,
      "index": -1
    },
    "outputs": {
      "x": 572.267058116624,
      "y": 832,
      "index": -1
    },
    "set_env": {
      "x": 953.5292542412014,
      "y": 165.96173962108122,
      "index": 8
    },
    "search_documents": {
      "x": 783.6047686058249,
      "y": 375.3949411652875,
      "index": 6
    },
    "rejected_response_llm": {
      "x": 389.28082782137614,
      "y": 295.58609794543764,
      "index": 5
    },
    "rejected_response_prompt": {
      "x": 226.35744532217626,
      "y": 167.47131680868125,
      "index": 4
    },
    "analyze_content_safety": {
      "x": 503.89890123292605,
      "y": 168.98089399628122,
      "index": 3
    },
    "modify_query_with_history": {
      "x": 818.3250439206254,
      "y": 269.92357598512496,
      "index": 0
    },
    "Prompt_variants": {
      "x": 609.769237847348,
      "y": 610.4905195553627,
      "index": 1
    },
    "chat_with_context": {
      "x": 787.8981850685997,
      "y": 717.4712684372,
      "index": 2
    },
    "generate_prompt_context": {
      "x": 0,
      "y": 0,
      "index": 7
    }
  },
  "viewport": {
    "transformMatrix": [
      0.6309002189143765,
      0,
      0,
      0.6309002189143765,
      419.730462003403,
      173.80340700272652
    ]
  }
}