{
  "nodes": {
    "search_documents": {
      "variant_0": {
        "inputs": {
          "acs_embedding_field": [],
          "embedding_deployment": [],
          "embedding_model": [],
          "mlindex_asset_id": [
            {
              "display_value": "index-ignite-2024-v02:2",
              "value": "azureml://locations/eastus/workspaces/c6e094c5-3957-4268-847e-9e6e27ac4276/data/index-ignite-2024-v02/versions/2"
            }
          ],
          "pinecone_index_connection": [],
          "pinecone_index_name": [],
          "query_type": [
            {
              "display_value": "Keyword",
              "value": "Keyword"
            }
          ]
        },
        "inputsValue": {
          "index_type": "Azure AI Search",
          "acs_index_connection": "searchservicefabricwithaistudio",
          "acs_content_field": "content",
          "acs_index_name": "index-ignite-2024-v02",
          "acs_metadata_field": "metadata",
          "embedding_type": "None",
          "mlindex_asset_id": "azureml://locations/eastus/workspaces/c6e094c5-3957-4268-847e-9e6e27ac4276/data/index-ignite-2024-v02/versions/2",
          "semantic_configuration": "default"
        }
      }
    },
    "rejected_response_prompt": {
      "variant_0": {
        "inputs": {},
        "inputsValue": {}
      }
    },
    "Prompt_variants": {
      "variant_0": {
        "inputs": {},
        "inputsValue": {}
      }
    },
    "analyze_content_safety": {
      "variant_0": {
        "inputs": {},
        "inputsValue": {}
      }
    },
    "rejected_response_llm": {
      "variant_0": {
        "inputs": {},
        "inputsValue": {}
      }
    },
    "set_env": {
      "variant_0": {
        "inputs": {},
        "inputsValue": {}
      }
    },
    "modify_query_with_history": {
      "variant_0": {
        "inputs": {},
        "inputsValue": {}
      }
    },
    "chat_with_context": {
      "variant_0": {
        "inputs": {},
        "inputsValue": {}
      }
    },
    "generate_prompt_context": {
      "variant_0": {
        "inputs": {},
        "inputsValue": {}
      }
    }
  }
}